name	width	height	ratio	square	is_used
schema_ustroistva/57d814e7df109f50e9695a1a164967b5.jpg	1711	812	0.4745762711864407	1389332	False
schema_ustroistva/41804c34ad673e64a3d8fb70f09eb9f2_90_clockwise.jpg	161	296	1.8385093167701865	47656	False
schema_ustroistva/dbf095cd3dbf55e14fdf8740566f5502_90_clockwise.jpg	538	1372	2.5501858736059484	738136	False
schema_ustroistva/d0465fab576c79ec28d5e11cc2ce6836.jpg	290	169	0.5827586206896552	49010	False
schema_ustroistva/8aae121dfd6d0341f87eb334ec1a55f7_90_clockwise.jpg	143	341	2.3846153846153846	48763	False
schema_ustroistva/b3d4bca4da814684417caff0f19c7795_90_counterclockwise.jpg	240	191	0.7958333333333333	45840	False
schema_ustroistva/8d14a71c44a9e565a80af47f140caa29.jpg	1420	1239	0.8725352112676056	1759380	False
schema_ustroistva/695bab3b3c15036e8e8d75fc01b64727_rotate_180.jpg	308	164	0.5324675324675324	50512	False
