index	name	width	height	ratio	square	is_used
0	b50dea150b1489cfa80c6ac51740430e.jpg	637	881	1.3830455259026688	561197	False
1	2242477.jpg	181	278	1.5359116022099448	50318	False
2	2044352.jpg	467	512	1.0963597430406853	239104	False
3	124bd651bca70c0abc9487f1ecf1a206.jpg	319	158	0.4952978056426332	50402	False
4	872a45211f3072b02d10b3d7fed0895d.jpg	214	169	0.7897196261682243	36166	False
5	9469237da06f2895f30da9ef3b517e5d.jpg	1600	800	0.5	1280000	False
6	427bd199f461c925aa965cf4dcd43217.jpg	1910	1248	0.6534031413612565	2383680	False
7	61848382548d98b3f0cbfe7f0e13a3e0.jpg	930	1280	1.3763440860215057	1190400	False
